-- MySQL Script generated by MySQL Workbench
-- 02/21/17 12:47:24
-- Model: New Model    Version: 1.0
-- MySQL Workbench Forward Engineering

SET @OLD_UNIQUE_CHECKS=@@UNIQUE_CHECKS, UNIQUE_CHECKS=0;
SET @OLD_FOREIGN_KEY_CHECKS=@@FOREIGN_KEY_CHECKS, FOREIGN_KEY_CHECKS=0;
SET @OLD_SQL_MODE=@@SQL_MODE, SQL_MODE='TRADITIONAL,ALLOW_INVALID_DATES';

-- -----------------------------------------------------
-- Schema tct14b
-- -----------------------------------------------------
DROP SCHEMA IF EXISTS `tct14b` ;

-- -----------------------------------------------------
-- Schema tct14b
-- -----------------------------------------------------
CREATE SCHEMA IF NOT EXISTS `tct14b` DEFAULT CHARACTER SET utf8 ;
SHOW WARNINGS;
USE `tct14b` ;

-- -----------------------------------------------------
-- Table `tct14b`.`petstore`
-- -----------------------------------------------------
DROP TABLE IF EXISTS `tct14b`.`petstore` ;

SHOW WARNINGS;
CREATE TABLE IF NOT EXISTS `tct14b`.`petstore` (
  `pst_id` SMALLINT UNSIGNED NOT NULL AUTO_INCREMENT,
  `pst_name` VARCHAR(30) NOT NULL,
  `pst_street` VARCHAR(30) NOT NULL,
  `pst_city` VARCHAR(30) NOT NULL,
  `pst_state` CHAR(2) NOT NULL,
  `pst_zip` INT(5) NOT NULL,
  `pst_phone` BIGINT NOT NULL,
  `pst_email` VARCHAR(100) NOT NULL,
  `pst_url` VARCHAR(100) NOT NULL,
  `pst_ytd_sales` DECIMAL(10,2) NOT NULL,
  `pst_notes` VARCHAR(225) NULL,
  PRIMARY KEY (`pst_id`))
ENGINE = InnoDB;

SHOW WARNINGS;

-- -----------------------------------------------------
-- Table `tct14b`.`customer`
-- -----------------------------------------------------
DROP TABLE IF EXISTS `tct14b`.`customer` ;

SHOW WARNINGS;
CREATE TABLE IF NOT EXISTS `tct14b`.`customer` (
  `cus_id` SMALLINT UNSIGNED NOT NULL AUTO_INCREMENT,
  `cus_fname` VARCHAR(30) NOT NULL,
  `cus_lname` VARCHAR(30) NOT NULL,
  `cus_street` VARCHAR(30) NOT NULL,
  `cus_city` VARCHAR(45) NOT NULL,
  `cus_state` CHAR(2) NOT NULL,
  `cus_zip` INT(5) NOT NULL,
  `cus_phone` BIGINT NOT NULL,
  `cus_email` VARCHAR(100) NOT NULL,
  `cus_balance` DECIMAL(6,2) NOT NULL,
  `cus_total_sales` DECIMAL(6,2) NOT NULL,
  `cus_notes` VARCHAR(225) NULL,
  PRIMARY KEY (`cus_id`))
ENGINE = InnoDB;

SHOW WARNINGS;

-- -----------------------------------------------------
-- Table `tct14b`.`pet`
-- -----------------------------------------------------
DROP TABLE IF EXISTS `tct14b`.`pet` ;

SHOW WARNINGS;
CREATE TABLE IF NOT EXISTS `tct14b`.`pet` (
  `pet_id` SMALLINT UNSIGNED NOT NULL AUTO_INCREMENT,
  `pst_id` SMALLINT UNSIGNED NULL,
  `cus_id` SMALLINT UNSIGNED NULL,
  `pet_type` VARCHAR(45) NOT NULL,
  `pet_sex` ENUM('y', 'n') NOT NULL,
  `pet_cost` DECIMAL(6,2) NOT NULL,
  `pet_price` DECIMAL(6,2) NOT NULL,
  `pet_age` TINYINT NOT NULL,
  `pet_color` VARCHAR(30) NOT NULL,
  `pet_sale_date` DATE NULL,
  `pet_vaccine` ENUM('y', 'n') NOT NULL,
  `pet_neuter` ENUM('y', 'n') NOT NULL,
  `pet_notes` VARCHAR(225) NULL,
  PRIMARY KEY (`pet_id`),
  INDEX `fk_pet_petstore_idx` (`pst_id` ASC),
  CONSTRAINT `fk_pet_petstore`
    FOREIGN KEY (`pst_id`)
    REFERENCES `tct14b`.`petstore` (`pst_id`)
    ON DELETE NO ACTION
    ON UPDATE NO ACTION,
  CONSTRAINT `fk_pet_customer1`
    FOREIGN KEY (`pst_id`)
    REFERENCES `tct14b`.`customer` (`cus_id`)
    ON DELETE NO ACTION
    ON UPDATE NO ACTION)
ENGINE = InnoDB;

SHOW WARNINGS;

SET SQL_MODE=@OLD_SQL_MODE;
SET FOREIGN_KEY_CHECKS=@OLD_FOREIGN_KEY_CHECKS;
SET UNIQUE_CHECKS=@OLD_UNIQUE_CHECKS;

-- -----------------------------------------------------
-- Data for table `tct14b`.`petstore`
-- -----------------------------------------------------
START TRANSACTION;
USE `tct14b`;
INSERT INTO `tct14b`.`petstore` (`pst_id`, `pst_name`, `pst_street`, `pst_city`, `pst_state`, `pst_zip`, `pst_phone`, `pst_email`, `pst_url`, `pst_ytd_sales`, `pst_notes`) VALUES (1, 'Pet Friends', '654 Winner Dr', 'Tampa', 'FL', 33710, 8888901234, 'petfriends@yahoo.com', 'petfriends.com', DEFAULT, NULL);
INSERT INTO `tct14b`.`petstore` (`pst_id`, `pst_name`, `pst_street`, `pst_city`, `pst_state`, `pst_zip`, `pst_phone`, `pst_email`, `pst_url`, `pst_ytd_sales`, `pst_notes`) VALUES (2, 'Happy Dogs', '7902 Halfway Ln', 'Orlando', 'FL', 33655, 7689856677, 'happydogs@yahoo.com', 'happydogs.com', DEFAULT, NULL);
INSERT INTO `tct14b`.`petstore` (`pst_id`, `pst_name`, `pst_street`, `pst_city`, `pst_state`, `pst_zip`, `pst_phone`, `pst_email`, `pst_url`, `pst_ytd_sales`, `pst_notes`) VALUES (3, 'Puppers', '213 Applewood Dr', 'Gainsville', 'FL', 33433, 4056789911, 'puppers@aol.com', 'puppers.com', 1000000.00, NULL);
INSERT INTO `tct14b`.`petstore` (`pst_id`, `pst_name`, `pst_street`, `pst_city`, `pst_state`, `pst_zip`, `pst_phone`, `pst_email`, `pst_url`, `pst_ytd_sales`, `pst_notes`) VALUES (4, 'Doggos', '444  Friend Ln', 'Tallahasee', 'FL', 32304, 8509800001, 'doggos@yahoo.com', 'doggos.com', 500000.00, NULL);
INSERT INTO `tct14b`.`petstore` (`pst_id`, `pst_name`, `pst_street`, `pst_city`, `pst_state`, `pst_zip`, `pst_phone`, `pst_email`, `pst_url`, `pst_ytd_sales`, `pst_notes`) VALUES (5, 'Cats in Hats', '2022 Woodward St', 'Ocala', 'FL', 32666, 4355554433, 'catsinhats@gmaill.com', 'catsinhats.com', 650000.00, NULL);
INSERT INTO `tct14b`.`petstore` (`pst_id`, `pst_name`, `pst_street`, `pst_city`, `pst_state`, `pst_zip`, `pst_phone`, `pst_email`, `pst_url`, `pst_ytd_sales`, `pst_notes`) VALUES (6, 'Birds and more', '111 Hapsburg St', 'Orlando', 'FL', 32111, 9007611234, 'birdsandmore@yahoo.com', 'birdsandmore.com', 1200000.00, NULL);
INSERT INTO `tct14b`.`petstore` (`pst_id`, `pst_name`, `pst_street`, `pst_city`, `pst_state`, `pst_zip`, `pst_phone`, `pst_email`, `pst_url`, `pst_ytd_sales`, `pst_notes`) VALUES (7, 'Pets4sale', '888 Jumprope Ln', 'Tampa', 'FL', 32712, 8765432109, 'pets4sale@yahoo.com', 'pets4sale.com', 740000.00, NULL);
INSERT INTO `tct14b`.`petstore` (`pst_id`, `pst_name`, `pst_street`, `pst_city`, `pst_state`, `pst_zip`, `pst_phone`, `pst_email`, `pst_url`, `pst_ytd_sales`, `pst_notes`) VALUES (8, 'Petsmart', '4212 Box St', 'Seminole', 'FL', 32709, 5554443333, 'petsmart@petsmart.com', 'petsmart.com', 9000000.00, NULL);
INSERT INTO `tct14b`.`petstore` (`pst_id`, `pst_name`, `pst_street`, `pst_city`, `pst_state`, `pst_zip`, `pst_phone`, `pst_email`, `pst_url`, `pst_ytd_sales`, `pst_notes`) VALUES (9, 'Petco', '232 Fork St', 'Jupiter', 'FL', 32009, 8665609981, 'petco@petco.com', 'petco.com', 8000000.00, NULL);
INSERT INTO `tct14b`.`petstore` (`pst_id`, `pst_name`, `pst_street`, `pst_city`, `pst_state`, `pst_zip`, `pst_phone`, `pst_email`, `pst_url`, `pst_ytd_sales`, `pst_notes`) VALUES (10, 'Animal House', '1211 Ragweed St', 'Miami', 'FL', 32888, 4567123345, 'animalhouse@ah.com', 'animalhouse.com', 5000000.00, NULL);

COMMIT;


-- -----------------------------------------------------
-- Data for table `tct14b`.`customer`
-- -----------------------------------------------------
START TRANSACTION;
USE `tct14b`;
INSERT INTO `tct14b`.`customer` (`cus_id`, `cus_fname`, `cus_lname`, `cus_street`, `cus_city`, `cus_state`, `cus_zip`, `cus_phone`, `cus_email`, `cus_balance`, `cus_total_sales`, `cus_notes`) VALUES (1, 'Chloe', 'Navarro', 'Ap #912-9966 Magna Road', 'Detroit', 'MI', 41470, 7150213635, 'diam.vel.arcu@mollisIntegertincidunt.com', 546.11, 100.00, 'enim. Suspendisse aliquet, sem');
INSERT INTO `tct14b`.`customer` (`cus_id`, `cus_fname`, `cus_lname`, `cus_street`, `cus_city`, `cus_state`, `cus_zip`, `cus_phone`, `cus_email`, `cus_balance`, `cus_total_sales`, `cus_notes`) VALUES (2, 'Sheila', 'Weiss', '1783 Vitae Avenue', 'Missoula', 'MT', 95498, 7174143294, 'Sed@placerat.net', 543.99, 90.00, 'fermentum arcu. Vestibulum ante ipsum primis in faucibus orci');
INSERT INTO `tct14b`.`customer` (`cus_id`, `cus_fname`, `cus_lname`, `cus_street`, `cus_city`, `cus_state`, `cus_zip`, `cus_phone`, `cus_email`, `cus_balance`, `cus_total_sales`, `cus_notes`) VALUES (3, 'Brynne', 'Chapman', 'Ap #337-9375 Arcu. Ave', 'Kailua', 'HI', 60855, 4367888292, 'libero.Morbi@nunc.edu', 102.00, 98.00, 'ante. Maecenas mi felis, adipiscing');
INSERT INTO `tct14b`.`customer` (`cus_id`, `cus_fname`, `cus_lname`, `cus_street`, `cus_city`, `cus_state`, `cus_zip`, `cus_phone`, `cus_email`, `cus_balance`, `cus_total_sales`, `cus_notes`) VALUES (4, 'Venus', 'Jackson', 'P.O. Box 443, 2783 A Rd.', 'Essex', 'VT', 27921, 7497361509, 'orci.sem.eget@justo.co.uk', 56.09, 44.00, 'elit. Aliquam auctor, velit');
INSERT INTO `tct14b`.`customer` (`cus_id`, `cus_fname`, `cus_lname`, `cus_street`, `cus_city`, `cus_state`, `cus_zip`, `cus_phone`, `cus_email`, `cus_balance`, `cus_total_sales`, `cus_notes`) VALUES (5, 'Tate', 'Walsh', 'Ap #360-8495 Euismod Road', 'Honolulu', 'HI', 45879, 9011791042, 'mollis@eratvitae.edu', 1.01, 0.00, 'ac risus. Morbi metus. Vivamus euismod urna.');
INSERT INTO `tct14b`.`customer` (`cus_id`, `cus_fname`, `cus_lname`, `cus_street`, `cus_city`, `cus_state`, `cus_zip`, `cus_phone`, `cus_email`, `cus_balance`, `cus_total_sales`, `cus_notes`) VALUES (6, 'Scott', 'Talley', '744-6519 Erat. St.', 'Saint Paul', 'MN', 48790, 5569845019, 'Sed.eu@vellectusCum.org', 99.12, 60.00, 'Donec sollicitudin adipiscing');
INSERT INTO `tct14b`.`customer` (`cus_id`, `cus_fname`, `cus_lname`, `cus_street`, `cus_city`, `cus_state`, `cus_zip`, `cus_phone`, `cus_email`, `cus_balance`, `cus_total_sales`, `cus_notes`) VALUES (7, 'Camden', 'Dickson', 'P.O. Box 777, 1025 Elit, St.', 'Savannah', 'GA', 24385, 7165982272, 'Duis.cursus.diam@quama.edu', 890.90, 700.00, 'libero nec ligula consectetuer');
INSERT INTO `tct14b`.`customer` (`cus_id`, `cus_fname`, `cus_lname`, `cus_street`, `cus_city`, `cus_state`, `cus_zip`, `cus_phone`, `cus_email`, `cus_balance`, `cus_total_sales`, `cus_notes`) VALUES (8, 'Zorita', 'Jimenez', 'P.O. Box 406, 2907 Quam Rd.', 'Reading', 'PA', 29843, 7983306944, 'ipsum.dolor@arcuCurabiturut.com', 665.44, 550.00, 'dui, in sodales elit');
INSERT INTO `tct14b`.`customer` (`cus_id`, `cus_fname`, `cus_lname`, `cus_street`, `cus_city`, `cus_state`, `cus_zip`, `cus_phone`, `cus_email`, `cus_balance`, `cus_total_sales`, `cus_notes`) VALUES (9, 'Denise', 'Boyd', 'Ap #689-1911 Cursus Avenue', 'Jacksonville', 'FL', 51336, 2137760838, 'lectus@eratEtiam.co.uk', 123.45, 100.00, 'auctor quis, tristique');
INSERT INTO `tct14b`.`customer` (`cus_id`, `cus_fname`, `cus_lname`, `cus_street`, `cus_city`, `cus_state`, `cus_zip`, `cus_phone`, `cus_email`, `cus_balance`, `cus_total_sales`, `cus_notes`) VALUES (10, 'Mufutau', 'Vargas', 'P.O. Box 481, 9695 Donec St.', 'San Antonio', 'TX', 98731, 3207499848, 'lobortis.quam.a@Suspendissealiquetsem.net', 12.45, 5.00, 'amet, consectetuer adipiscing elit. Curabitur');

COMMIT;


-- -----------------------------------------------------
-- Data for table `tct14b`.`pet`
-- -----------------------------------------------------
START TRANSACTION;
USE `tct14b`;
INSERT INTO `tct14b`.`pet` (`pet_id`, `pst_id`, `cus_id`, `pet_type`, `pet_sex`, `pet_cost`, `pet_price`, `pet_age`, `pet_color`, `pet_sale_date`, `pet_vaccine`, `pet_neuter`, `pet_notes`) VALUES (1, 1, 1, 'Cocker Spaniel', 'f', 50.00, 500.00, 3, 'mixed', '2014/04/03', 'y', 'y', 'ullamcorper magna. Sed');
INSERT INTO `tct14b`.`pet` (`pet_id`, `pst_id`, `cus_id`, `pet_type`, `pet_sex`, `pet_cost`, `pet_price`, `pet_age`, `pet_color`, `pet_sale_date`, `pet_vaccine`, `pet_neuter`, `pet_notes`) VALUES (2, 2, 2, 'Labrador Retriever', 'f', 70.00, 700.00, 9, 'black', '2015/08/09', 'n', 'n', 'mattis velit justo');
INSERT INTO `tct14b`.`pet` (`pet_id`, `pst_id`, `cus_id`, `pet_type`, `pet_sex`, `pet_cost`, `pet_price`, `pet_age`, `pet_color`, `pet_sale_date`, `pet_vaccine`, `pet_neuter`, `pet_notes`) VALUES (3, 3, 3, 'Corgi', 'f', 55.00, 550.00, 6, 'white', '2015/06/08', 'y', 'y', 'ut lacus. Nulla');
INSERT INTO `tct14b`.`pet` (`pet_id`, `pst_id`, `cus_id`, `pet_type`, `pet_sex`, `pet_cost`, `pet_price`, `pet_age`, `pet_color`, `pet_sale_date`, `pet_vaccine`, `pet_neuter`, `pet_notes`) VALUES (4, 4, 4, 'Pug', 'f', 23.00, 230.00, 10, 'white', '2010/01/21', 'n', 'n', 'nisi dictum augue');
INSERT INTO `tct14b`.`pet` (`pet_id`, `pst_id`, `cus_id`, `pet_type`, `pet_sex`, `pet_cost`, `pet_price`, `pet_age`, `pet_color`, `pet_sale_date`, `pet_vaccine`, `pet_neuter`, `pet_notes`) VALUES (5, 5, 5, 'Standard Poodle', 'm', 99.00, 999.00, 10, 'black', '2009/07/08', 'n', 'n', 'fringilla cursus purus. Nullam scelerisque neque sed sem egestas');
INSERT INTO `tct14b`.`pet` (`pet_id`, `pst_id`, `cus_id`, `pet_type`, `pet_sex`, `pet_cost`, `pet_price`, `pet_age`, `pet_color`, `pet_sale_date`, `pet_vaccine`, `pet_neuter`, `pet_notes`) VALUES (6, 6, 6, 'Toy Poodle', 'm', 80.00, 800.00, 1, 'brown', '2014/12/17', 'y', 'y', 'ultrices. Vivamus rhoncus. Donec');
INSERT INTO `tct14b`.`pet` (`pet_id`, `pst_id`, `cus_id`, `pet_type`, `pet_sex`, `pet_cost`, `pet_price`, `pet_age`, `pet_color`, `pet_sale_date`, `pet_vaccine`, `pet_neuter`, `pet_notes`) VALUES (7, 7, 7, 'Mutt', 'f', 10.00, 100.00, 10, 'mixed', '2011/04/26', 'y', 'n', 'lectus convallis est,');
INSERT INTO `tct14b`.`pet` (`pet_id`, `pst_id`, `cus_id`, `pet_type`, `pet_sex`, `pet_cost`, `pet_price`, `pet_age`, `pet_color`, `pet_sale_date`, `pet_vaccine`, `pet_neuter`, `pet_notes`) VALUES (8, 8, 8, 'Huskie', 'f', 50.00, 500.00, 3, 'black', '2017/02/11', 'y', 'y', 'blandit. Nam nulla magna, malesuada vel, convallis in,');
INSERT INTO `tct14b`.`pet` (`pet_id`, `pst_id`, `cus_id`, `pet_type`, `pet_sex`, `pet_cost`, `pet_price`, `pet_age`, `pet_color`, `pet_sale_date`, `pet_vaccine`, `pet_neuter`, `pet_notes`) VALUES (9, 9, 9, 'Springer Spaniel', 'm', 60.00, 600.00, 1, 'white', '2012/08/04', 'n', 'y', 'Vestibulum accumsan neque et nunc. Quisque ornare');
INSERT INTO `tct14b`.`pet` (`pet_id`, `pst_id`, `cus_id`, `pet_type`, `pet_sex`, `pet_cost`, `pet_price`, `pet_age`, `pet_color`, `pet_sale_date`, `pet_vaccine`, `pet_neuter`, `pet_notes`) VALUES (10, 10, 10, 'Golden Retriever', 'f', 100.00, 100000.00, 4, 'black', '2008/11/09', 'y', 'n', 'Fusce diam nunc, ullamcorper eu, euismod ac, fermentum');

COMMIT;

